confidence_definition,config_path,created_at_utc,dataset_hash,dataset_path,eval_script,evalset,exact_match,f1,max_steps,model,model_short,num_eval_examples,num_train_epochs,predictions_path,run_id,seed,subset_draw_id,subset_fraction,subset_size,train_budget_type,train_dataset_hash,train_dataset_path,train_run_id,train_subset,metrics_path,addsent_drop_f1,addsent_drop_em,addonesent_drop_f1,addonesent_drop_em
joint,results/round3e_bert_base/configs/bert_base__full__frac1__seed100__same_epochs.yaml,2026-05-23T01:35:28Z,sha256:fe4b4d10a7d1a5afed58183078a4fe10820af5537d4e28a82cab990673fb0d6c,data/qa/addonesent.jsonl,run.py/custom_squad_postprocess,addonesent,67.2635702294348,74.13725453079952,,bert-base-uncased,bert_base,1787,3.0,results/round3e_bert_base/predictions/bert_base__full__frac1__seed100__same_epochs__addonesent.jsonl,bert_base__full__frac1__seed100__same_epochs__addonesent,100,,1.0,87599,same_epochs,sha256:b6437a4d09a830d1e981cbffaeec7290aba72a15e419289db24e250f5ee775b1,data/qa/squad_train.jsonl,bert_base__full__frac1__seed100__same_epochs,full,results/round3e_bert_base/metrics/raw/bert_base__full__frac1__seed100__same_epochs__addonesent.json,22.46233224765713,21.390834777247456,14.091647570624346,13.22838814331827
joint,results/round3e_bert_base/configs/bert_base__full__frac1__seed100__same_epochs.yaml,2026-05-23T01:34:30Z,sha256:698ce6f7c1779b1b83d253f1c1b3fc2058f278ec4e656dae445dc5c7a7de98df,data/qa/addsent.jsonl,run.py/custom_squad_postprocess,addsent,59.10112359550562,65.76656985376674,,bert-base-uncased,bert_base,3560,3.0,results/round3e_bert_base/predictions/bert_base__full__frac1__seed100__same_epochs__addsent.jsonl,bert_base__full__frac1__seed100__same_epochs__addsent,100,,1.0,87599,same_epochs,sha256:b6437a4d09a830d1e981cbffaeec7290aba72a15e419289db24e250f5ee775b1,data/qa/squad_train.jsonl,bert_base__full__frac1__seed100__same_epochs,full,results/round3e_bert_base/metrics/raw/bert_base__full__frac1__seed100__same_epochs__addsent.json,22.46233224765713,21.390834777247456,14.091647570624346,13.22838814331827
joint,results/round3e_bert_base/configs/bert_base__full__frac1__seed100__same_epochs.yaml,2026-05-23T01:33:28Z,sha256:940197b8001a1309109a52f2d51d1b3eb25d1db49950b24705dc8641f1c19502,data/qa/squad_dev.jsonl,run.py/custom_squad_postprocess,squad_dev,80.49195837275307,88.22890210142387,,bert-base-uncased,bert_base,10570,3.0,results/round3e_bert_base/predictions/bert_base__full__frac1__seed100__same_epochs__squad_dev.jsonl,bert_base__full__frac1__seed100__same_epochs__squad_dev,100,,1.0,87599,same_epochs,sha256:b6437a4d09a830d1e981cbffaeec7290aba72a15e419289db24e250f5ee775b1,data/qa/squad_train.jsonl,bert_base__full__frac1__seed100__same_epochs,full,results/round3e_bert_base/metrics/raw/bert_base__full__frac1__seed100__same_epochs__squad_dev.json,22.46233224765713,21.390834777247456,14.091647570624346,13.22838814331827
joint,results/round3e_bert_base/configs/bert_base__full__frac1__seed13__same_epochs.yaml,2026-05-23T00:33:31Z,sha256:fe4b4d10a7d1a5afed58183078a4fe10820af5537d4e28a82cab990673fb0d6c,data/qa/addonesent.jsonl,run.py/custom_squad_postprocess,addonesent,67.76720761052043,74.69041532046163,,bert-base-uncased,bert_base,1787,3.0,results/round3e_bert_base/predictions/bert_base__full__frac1__seed13__same_epochs__addonesent.jsonl,bert_base__full__frac1__seed13__same_epochs__addonesent,13,,1.0,87599,same_epochs,sha256:b6437a4d09a830d1e981cbffaeec7290aba72a15e419289db24e250f5ee775b1,data/qa/squad_train.jsonl,bert_base__full__frac1__seed13__same_epochs,full,results/round3e_bert_base/metrics/raw/bert_base__full__frac1__seed13__same_epochs__addonesent.json,22.272071397156196,21.562297364812437,13.640688988062038,13.008572900359425
joint,results/round3e_bert_base/configs/bert_base__full__frac1__seed13__same_epochs.yaml,2026-05-23T00:32:24Z,sha256:698ce6f7c1779b1b83d253f1c1b3fc2058f278ec4e656dae445dc5c7a7de98df,data/qa/addsent.jsonl,run.py/custom_squad_postprocess,addsent,59.21348314606742,66.05903291136747,,bert-base-uncased,bert_base,3560,3.0,results/round3e_bert_base/predictions/bert_base__full__frac1__seed13__same_epochs__addsent.jsonl,bert_base__full__frac1__seed13__same_epochs__addsent,13,,1.0,87599,same_epochs,sha256:b6437a4d09a830d1e981cbffaeec7290aba72a15e419289db24e250f5ee775b1,data/qa/squad_train.jsonl,bert_base__full__frac1__seed13__same_epochs,full,results/round3e_bert_base/metrics/raw/bert_base__full__frac1__seed13__same_epochs__addsent.json,22.272071397156196,21.562297364812437,13.640688988062038,13.008572900359425
joint,results/round3e_bert_base/configs/bert_base__full__frac1__seed13__same_epochs.yaml,2026-05-23T00:31:17Z,sha256:940197b8001a1309109a52f2d51d1b3eb25d1db49950b24705dc8641f1c19502,data/qa/squad_dev.jsonl,run.py/custom_squad_postprocess,squad_dev,80.77578051087986,88.33110430852366,,bert-base-uncased,bert_base,10570,3.0,results/round3e_bert_base/predictions/bert_base__full__frac1__seed13__same_epochs__squad_dev.jsonl,bert_base__full__frac1__seed13__same_epochs__squad_dev,13,,1.0,87599,same_epochs,sha256:b6437a4d09a830d1e981cbffaeec7290aba72a15e419289db24e250f5ee775b1,data/qa/squad_train.jsonl,bert_base__full__frac1__seed13__same_epochs,full,results/round3e_bert_base/metrics/raw/bert_base__full__frac1__seed13__same_epochs__squad_dev.json,22.272071397156196,21.562297364812437,13.640688988062038,13.008572900359425
joint,results/round3e_bert_base/configs/bert_base__full__frac1__seed21__same_epochs.yaml,2026-05-23T00:53:04Z,sha256:fe4b4d10a7d1a5afed58183078a4fe10820af5537d4e28a82cab990673fb0d6c,data/qa/addonesent.jsonl,run.py/custom_squad_postprocess,addonesent,68.27084499160604,75.30283684943451,,bert-base-uncased,bert_base,1787,3.0,results/round3e_bert_base/predictions/bert_base__full__frac1__seed21__same_epochs__addonesent.jsonl,bert_base__full__frac1__seed21__same_epochs__addonesent,21,,1.0,87599,same_epochs,sha256:b6437a4d09a830d1e981cbffaeec7290aba72a15e419289db24e250f5ee775b1,data/qa/squad_train.jsonl,bert_base__full__frac1__seed21__same_epochs,full,results/round3e_bert_base/metrics/raw/bert_base__full__frac1__seed21__same_epochs__addonesent.json,20.95144701431103,20.140343137775986,13.205668613184088,12.62792511246208
joint,results/round3e_bert_base/configs/bert_base__full__frac1__seed21__same_epochs.yaml,2026-05-23T00:52:05Z,sha256:698ce6f7c1779b1b83d253f1c1b3fc2058f278ec4e656dae445dc5c7a7de98df,data/qa/addsent.jsonl,run.py/custom_squad_postprocess,addsent,60.758426966292134,67.55705844830757,,bert-base-uncased,bert_base,3560,3.0,results/round3e_bert_base/predictions/bert_base__full__frac1__seed21__same_epochs__addsent.jsonl,bert_base__full__frac1__seed21__same_epochs__addsent,21,,1.0,87599,same_epochs,sha256:b6437a4d09a830d1e981cbffaeec7290aba72a15e419289db24e250f5ee775b1,data/qa/squad_train.jsonl,bert_base__full__frac1__seed21__same_epochs,full,results/round3e_bert_base/metrics/raw/bert_base__full__frac1__seed21__same_epochs__addsent.json,20.95144701431103,20.140343137775986,13.205668613184088,12.62792511246208
joint,results/round3e_bert_base/configs/bert_base__full__frac1__seed21__same_epochs.yaml,2026-05-23T00:50:59Z,sha256:940197b8001a1309109a52f2d51d1b3eb25d1db49950b24705dc8641f1c19502,data/qa/squad_dev.jsonl,run.py/custom_squad_postprocess,squad_dev,80.89877010406812,88.5085054626186,,bert-base-uncased,bert_base,10570,3.0,results/round3e_bert_base/predictions/bert_base__full__frac1__seed21__same_epochs__squad_dev.jsonl,bert_base__full__frac1__seed21__same_epochs__squad_dev,21,,1.0,87599,same_epochs,sha256:b6437a4d09a830d1e981cbffaeec7290aba72a15e419289db24e250f5ee775b1,data/qa/squad_train.jsonl,bert_base__full__frac1__seed21__same_epochs,full,results/round3e_bert_base/metrics/raw/bert_base__full__frac1__seed21__same_epochs__squad_dev.json,20.95144701431103,20.140343137775986,13.205668613184088,12.62792511246208
joint,results/round3e_bert_base/configs/bert_base__full__frac1__seed42__same_epochs.yaml,2026-05-23T00:56:33Z,sha256:fe4b4d10a7d1a5afed58183078a4fe10820af5537d4e28a82cab990673fb0d6c,data/qa/addonesent.jsonl,run.py/custom_squad_postprocess,addonesent,66.48013430330163,73.46737533915348,,bert-base-uncased,bert_base,1787,3.0,results/round3e_bert_base/predictions/bert_base__full__frac1__seed42__same_epochs__addonesent.jsonl,bert_base__full__frac1__seed42__same_epochs__addonesent,42,,1.0,87599,same_epochs,sha256:b6437a4d09a830d1e981cbffaeec7290aba72a15e419289db24e250f5ee775b1,data/qa/squad_train.jsonl,bert_base__full__frac1__seed42__same_epochs,full,results/round3e_bert_base/metrics/raw/bert_base__full__frac1__seed42__same_epochs__addonesent.json,23.8054963938351,23.061691452382725,15.153150788829947,14.418635800766495
joint,results/round3e_bert_base/configs/bert_base__full__frac1__seed42__same_epochs.yaml,2026-05-23T00:55:33Z,sha256:698ce6f7c1779b1b83d253f1c1b3fc2058f278ec4e656dae445dc5c7a7de98df,data/qa/addsent.jsonl,run.py/custom_squad_postprocess,addsent,57.837078651685395,64.81502973414833,,bert-base-uncased,bert_base,3560,3.0,results/round3e_bert_base/predictions/bert_base__full__frac1__seed42__same_epochs__addsent.jsonl,bert_base__full__frac1__seed42__same_epochs__addsent,42,,1.0,87599,same_epochs,sha256:b6437a4d09a830d1e981cbffaeec7290aba72a15e419289db24e250f5ee775b1,data/qa/squad_train.jsonl,bert_base__full__frac1__seed42__same_epochs,full,results/round3e_bert_base/metrics/raw/bert_base__full__frac1__seed42__same_epochs__addsent.json,23.8054963938351,23.061691452382725,15.153150788829947,14.418635800766495
joint,results/round3e_bert_base/configs/bert_base__full__frac1__seed42__same_epochs.yaml,2026-05-23T00:54:27Z,sha256:940197b8001a1309109a52f2d51d1b3eb25d1db49950b24705dc8641f1c19502,data/qa/squad_dev.jsonl,run.py/custom_squad_postprocess,squad_dev,80.89877010406812,88.62052612798342,,bert-base-uncased,bert_base,10570,3.0,results/round3e_bert_base/predictions/bert_base__full__frac1__seed42__same_epochs__squad_dev.jsonl,bert_base__full__frac1__seed42__same_epochs__squad_dev,42,,1.0,87599,same_epochs,sha256:b6437a4d09a830d1e981cbffaeec7290aba72a15e419289db24e250f5ee775b1,data/qa/squad_train.jsonl,bert_base__full__frac1__seed42__same_epochs,full,results/round3e_bert_base/metrics/raw/bert_base__full__frac1__seed42__same_epochs__squad_dev.json,23.8054963938351,23.061691452382725,15.153150788829947,14.418635800766495
joint,results/round3e_bert_base/configs/bert_base__full__frac1__seed87__same_epochs.yaml,2026-05-23T01:16:05Z,sha256:fe4b4d10a7d1a5afed58183078a4fe10820af5537d4e28a82cab990673fb0d6c,data/qa/addonesent.jsonl,run.py/custom_squad_postprocess,addonesent,67.48740906547286,74.76140846355868,,bert-base-uncased,bert_base,1787,3.0,results/round3e_bert_base/predictions/bert_base__full__frac1__seed87__same_epochs__addonesent.jsonl,bert_base__full__frac1__seed87__same_epochs__addonesent,87,,1.0,87599,same_epochs,sha256:b6437a4d09a830d1e981cbffaeec7290aba72a15e419289db24e250f5ee775b1,data/qa/squad_train.jsonl,bert_base__full__frac1__seed87__same_epochs,full,results/round3e_bert_base/metrics/raw/bert_base__full__frac1__seed87__same_epochs__addonesent.json,21.724367984374325,21.263353991049506,13.567358593250162,13.354596610969907
joint,results/round3e_bert_base/configs/bert_base__full__frac1__seed87__same_epochs.yaml,2026-05-23T01:15:03Z,sha256:698ce6f7c1779b1b83d253f1c1b3fc2058f278ec4e656dae445dc5c7a7de98df,data/qa/addsent.jsonl,run.py/custom_squad_postprocess,addsent,59.57865168539326,66.60439907243452,,bert-base-uncased,bert_base,3560,3.0,results/round3e_bert_base/predictions/bert_base__full__frac1__seed87__same_epochs__addsent.jsonl,bert_base__full__frac1__seed87__same_epochs__addsent,87,,1.0,87599,same_epochs,sha256:b6437a4d09a830d1e981cbffaeec7290aba72a15e419289db24e250f5ee775b1,data/qa/squad_train.jsonl,bert_base__full__frac1__seed87__same_epochs,full,results/round3e_bert_base/metrics/raw/bert_base__full__frac1__seed87__same_epochs__addsent.json,21.724367984374325,21.263353991049506,13.567358593250162,13.354596610969907
joint,results/round3e_bert_base/configs/bert_base__full__frac1__seed87__same_epochs.yaml,2026-05-23T01:14:00Z,sha256:940197b8001a1309109a52f2d51d1b3eb25d1db49950b24705dc8641f1c19502,data/qa/squad_dev.jsonl,run.py/custom_squad_postprocess,squad_dev,80.84200567644277,88.32876705680884,,bert-base-uncased,bert_base,10570,3.0,results/round3e_bert_base/predictions/bert_base__full__frac1__seed87__same_epochs__squad_dev.jsonl,bert_base__full__frac1__seed87__same_epochs__squad_dev,87,,1.0,87599,same_epochs,sha256:b6437a4d09a830d1e981cbffaeec7290aba72a15e419289db24e250f5ee775b1,data/qa/squad_train.jsonl,bert_base__full__frac1__seed87__same_epochs,full,results/round3e_bert_base/metrics/raw/bert_base__full__frac1__seed87__same_epochs__squad_dev.json,21.724367984374325,21.263353991049506,13.567358593250162,13.354596610969907
joint,results/round3e_bert_base/configs/bert_base__random__frac0p333__draw00__seed13__same_epochs.yaml,2026-05-23T01:45:01Z,sha256:fe4b4d10a7d1a5afed58183078a4fe10820af5537d4e28a82cab990673fb0d6c,data/qa/addonesent.jsonl,run.py/custom_squad_postprocess,addonesent,60.88416340235031,68.81762884963534,,bert-base-uncased,bert_base,1787,3.0,results/round3e_bert_base/predictions/bert_base__random__frac0p333__draw00__seed13__same_epochs__addonesent.jsonl,bert_base__random__frac0p333__draw00__seed13__same_epochs__addonesent,13,0.0,0.333,29170,same_epochs,sha256:5978474991d229ac9e980dcd0205eea7db2d343038022be909025d356ccc6381,data/subsets/round3e_bert/joint/random_frac0p333_draw00.jsonl,bert_base__random__frac0p333__draw00__seed13__same_epochs,random,results/round3e_bert_base/metrics/raw/bert_base__random__frac0p333__draw00__seed13__same_epochs__addonesent.json,25.333777469380124,24.2780872301298,16.344493650281592,15.388305850251399
joint,results/round3e_bert_base/configs/bert_base__random__frac0p333__draw00__seed13__same_epochs.yaml,2026-05-23T01:44:03Z,sha256:698ce6f7c1779b1b83d253f1c1b3fc2058f278ec4e656dae445dc5c7a7de98df,data/qa/addsent.jsonl,run.py/custom_squad_postprocess,addsent,51.99438202247191,59.82834503053681,,bert-base-uncased,bert_base,3560,3.0,results/round3e_bert_base/predictions/bert_base__random__frac0p333__draw00__seed13__same_epochs__addsent.jsonl,bert_base__random__frac0p333__draw00__seed13__same_epochs__addsent,13,0.0,0.333,29170,same_epochs,sha256:5978474991d229ac9e980dcd0205eea7db2d343038022be909025d356ccc6381,data/subsets/round3e_bert/joint/random_frac0p333_draw00.jsonl,bert_base__random__frac0p333__draw00__seed13__same_epochs,random,results/round3e_bert_base/metrics/raw/bert_base__random__frac0p333__draw00__seed13__same_epochs__addsent.json,25.333777469380124,24.2780872301298,16.344493650281592,15.388305850251399
joint,results/round3e_bert_base/configs/bert_base__random__frac0p333__draw00__seed13__same_epochs.yaml,2026-05-23T01:43:00Z,sha256:940197b8001a1309109a52f2d51d1b3eb25d1db49950b24705dc8641f1c19502,data/qa/squad_dev.jsonl,run.py/custom_squad_postprocess,squad_dev,76.27246925260171,85.16212249991693,,bert-base-uncased,bert_base,10570,3.0,results/round3e_bert_base/predictions/bert_base__random__frac0p333__draw00__seed13__same_epochs__squad_dev.jsonl,bert_base__random__frac0p333__draw00__seed13__same_epochs__squad_dev,13,0.0,0.333,29170,same_epochs,sha256:5978474991d229ac9e980dcd0205eea7db2d343038022be909025d356ccc6381,data/subsets/round3e_bert/joint/random_frac0p333_draw00.jsonl,bert_base__random__frac0p333__draw00__seed13__same_epochs,random,results/round3e_bert_base/metrics/raw/bert_base__random__frac0p333__draw00__seed13__same_epochs__squad_dev.json,25.333777469380124,24.2780872301298,16.344493650281592,15.388305850251399
joint,results/round3e_bert_base/configs/bert_base__random__frac0p333__draw00__seed21__same_epochs.yaml,2026-05-23T01:54:29Z,sha256:fe4b4d10a7d1a5afed58183078a4fe10820af5537d4e28a82cab990673fb0d6c,data/qa/addonesent.jsonl,run.py/custom_squad_postprocess,addonesent,60.660324566312255,68.5598198935443,,bert-base-uncased,bert_base,1787,3.0,results/round3e_bert_base/predictions/bert_base__random__frac0p333__draw00__seed21__same_epochs__addonesent.jsonl,bert_base__random__frac0p333__draw00__seed21__same_epochs__addonesent,21,0.0,0.333,29170,same_epochs,sha256:5978474991d229ac9e980dcd0205eea7db2d343038022be909025d356ccc6381,data/subsets/round3e_bert/joint/random_frac0p333_draw00.jsonl,bert_base__random__frac0p333__draw00__seed21__same_epochs,random,results/round3e_bert_base/metrics/raw/bert_base__random__frac0p333__draw00__seed21__same_epochs__addonesent.json,25.15794678056286,23.778714402644752,16.35923429584622,15.309401072287557
joint,results/round3e_bert_base/configs/bert_base__random__frac0p333__draw00__seed21__same_epochs.yaml,2026-05-23T01:53:29Z,sha256:698ce6f7c1779b1b83d253f1c1b3fc2058f278ec4e656dae445dc5c7a7de98df,data/qa/addsent.jsonl,run.py/custom_squad_postprocess,addsent,52.19101123595506,59.76110740882766,,bert-base-uncased,bert_base,3560,3.0,results/round3e_bert_base/predictions/bert_base__random__frac0p333__draw00__seed21__same_epochs__addsent.jsonl,bert_base__random__frac0p333__draw00__seed21__same_epochs__addsent,21,0.0,0.333,29170,same_epochs,sha256:5978474991d229ac9e980dcd0205eea7db2d343038022be909025d356ccc6381,data/subsets/round3e_bert/joint/random_frac0p333_draw00.jsonl,bert_base__random__frac0p333__draw00__seed21__same_epochs,random,results/round3e_bert_base/metrics/raw/bert_base__random__frac0p333__draw00__seed21__same_epochs__addsent.json,25.15794678056286,23.778714402644752,16.35923429584622,15.309401072287557
joint,results/round3e_bert_base/configs/bert_base__random__frac0p333__draw00__seed21__same_epochs.yaml,2026-05-23T01:52:26Z,sha256:940197b8001a1309109a52f2d51d1b3eb25d1db49950b24705dc8641f1c19502,data/qa/squad_dev.jsonl,run.py/custom_squad_postprocess,squad_dev,75.96972563859981,84.91905418939052,,bert-base-uncased,bert_base,10570,3.0,results/round3e_bert_base/predictions/bert_base__random__frac0p333__draw00__seed21__same_epochs__squad_dev.jsonl,bert_base__random__frac0p333__draw00__seed21__same_epochs__squad_dev,21,0.0,0.333,29170,same_epochs,sha256:5978474991d229ac9e980dcd0205eea7db2d343038022be909025d356ccc6381,data/subsets/round3e_bert/joint/random_frac0p333_draw00.jsonl,bert_base__random__frac0p333__draw00__seed21__same_epochs,random,results/round3e_bert_base/metrics/raw/bert_base__random__frac0p333__draw00__seed21__same_epochs__squad_dev.json,25.15794678056286,23.778714402644752,16.35923429584622,15.309401072287557
joint,results/round3e_bert_base/configs/bert_base__random__frac0p333__draw00__seed42__same_epochs.yaml,2026-05-23T02:03:49Z,sha256:fe4b4d10a7d1a5afed58183078a4fe10820af5537d4e28a82cab990673fb0d6c,data/qa/addonesent.jsonl,run.py/custom_squad_postprocess,addonesent,60.268606603245665,69.23260562035414,,bert-base-uncased,bert_base,1787,3.0,results/round3e_bert_base/predictions/bert_base__random__frac0p333__draw00__seed42__same_epochs__addonesent.jsonl,bert_base__random__frac0p333__draw00__seed42__same_epochs__addonesent,42,0.0,0.333,29170,same_epochs,sha256:5978474991d229ac9e980dcd0205eea7db2d343038022be909025d356ccc6381,data/subsets/round3e_bert/joint/random_frac0p333_draw00.jsonl,bert_base__random__frac0p333__draw00__seed42__same_epochs,random,results/round3e_bert_base/metrics/raw/bert_base__random__frac0p333__draw00__seed42__same_epochs__addonesent.json,24.410090701102334,23.748578231798717,15.461540597823713,15.50244353866541
joint,results/round3e_bert_base/configs/bert_base__random__frac0p333__draw00__seed42__same_epochs.yaml,2026-05-23T02:02:51Z,sha256:698ce6f7c1779b1b83d253f1c1b3fc2058f278ec4e656dae445dc5c7a7de98df,data/qa/addsent.jsonl,run.py/custom_squad_postprocess,addsent,52.02247191011236,60.284055517075515,,bert-base-uncased,bert_base,3560,3.0,results/round3e_bert_base/predictions/bert_base__random__frac0p333__draw00__seed42__same_epochs__addsent.jsonl,bert_base__random__frac0p333__draw00__seed42__same_epochs__addsent,42,0.0,0.333,29170,same_epochs,sha256:5978474991d229ac9e980dcd0205eea7db2d343038022be909025d356ccc6381,data/subsets/round3e_bert/joint/random_frac0p333_draw00.jsonl,bert_base__random__frac0p333__draw00__seed42__same_epochs,random,results/round3e_bert_base/metrics/raw/bert_base__random__frac0p333__draw00__seed42__same_epochs__addsent.json,24.410090701102334,23.748578231798717,15.461540597823713,15.50244353866541
joint,results/round3e_bert_base/configs/bert_base__random__frac0p333__draw00__seed42__same_epochs.yaml,2026-05-23T02:01:49Z,sha256:940197b8001a1309109a52f2d51d1b3eb25d1db49950b24705dc8641f1c19502,data/qa/squad_dev.jsonl,run.py/custom_squad_postprocess,squad_dev,75.77105014191108,84.69414621817785,,bert-base-uncased,bert_base,10570,3.0,results/round3e_bert_base/predictions/bert_base__random__frac0p333__draw00__seed42__same_epochs__squad_dev.jsonl,bert_base__random__frac0p333__draw00__seed42__same_epochs__squad_dev,42,0.0,0.333,29170,same_epochs,sha256:5978474991d229ac9e980dcd0205eea7db2d343038022be909025d356ccc6381,data/subsets/round3e_bert/joint/random_frac0p333_draw00.jsonl,bert_base__random__frac0p333__draw00__seed42__same_epochs,random,results/round3e_bert_base/metrics/raw/bert_base__random__frac0p333__draw00__seed42__same_epochs__squad_dev.json,24.410090701102334,23.748578231798717,15.461540597823713,15.50244353866541
joint,results/round3e_bert_base/configs/bert_base__random__frac0p333__draw01__seed13__same_epochs.yaml,2026-05-23T02:13:16Z,sha256:fe4b4d10a7d1a5afed58183078a4fe10820af5537d4e28a82cab990673fb0d6c,data/qa/addonesent.jsonl,run.py/custom_squad_postprocess,addonesent,62.39507554560716,70.16104148128798,,bert-base-uncased,bert_base,1787,3.0,results/round3e_bert_base/predictions/bert_base__random__frac0p333__draw01__seed13__same_epochs__addonesent.jsonl,bert_base__random__frac0p333__draw01__seed13__same_epochs__addonesent,13,1.0,0.333,29170,same_epochs,sha256:6375feec2e7b0bbdf4e6bfaac6604056636170f522f59be6e8b9e67e863c4e61,data/subsets/round3e_bert/joint/random_frac0p333_draw01.jsonl,bert_base__random__frac0p333__draw01__seed13__same_epochs,random,results/round3e_bert_base/metrics/raw/bert_base__random__frac0p333__draw01__seed13__same_epochs__addonesent.json,23.271382115840808,22.464043880815964,14.960425764678305,14.113912155433518
joint,results/round3e_bert_base/configs/bert_base__random__frac0p333__draw01__seed13__same_epochs.yaml,2026-05-23T02:12:17Z,sha256:698ce6f7c1779b1b83d253f1c1b3fc2058f278ec4e656dae445dc5c7a7de98df,data/qa/addsent.jsonl,run.py/custom_squad_postprocess,addsent,54.04494382022472,61.85008513012548,,bert-base-uncased,bert_base,3560,3.0,results/round3e_bert_base/predictions/bert_base__random__frac0p333__draw01__seed13__same_epochs__addsent.jsonl,bert_base__random__frac0p333__draw01__seed13__same_epochs__addsent,13,1.0,0.333,29170,same_epochs,sha256:6375feec2e7b0bbdf4e6bfaac6604056636170f522f59be6e8b9e67e863c4e61,data/subsets/round3e_bert/joint/random_frac0p333_draw01.jsonl,bert_base__random__frac0p333__draw01__seed13__same_epochs,random,results/round3e_bert_base/metrics/raw/bert_base__random__frac0p333__draw01__seed13__same_epochs__addsent.json,23.271382115840808,22.464043880815964,14.960425764678305,14.113912155433518
joint,results/round3e_bert_base/configs/bert_base__random__frac0p333__draw01__seed13__same_epochs.yaml,2026-05-23T02:11:14Z,sha256:940197b8001a1309109a52f2d51d1b3eb25d1db49950b24705dc8641f1c19502,data/qa/squad_dev.jsonl,run.py/custom_squad_postprocess,squad_dev,76.50898770104068,85.12146724596629,,bert-base-uncased,bert_base,10570,3.0,results/round3e_bert_base/predictions/bert_base__random__frac0p333__draw01__seed13__same_epochs__squad_dev.jsonl,bert_base__random__frac0p333__draw01__seed13__same_epochs__squad_dev,13,1.0,0.333,29170,same_epochs,sha256:6375feec2e7b0bbdf4e6bfaac6604056636170f522f59be6e8b9e67e863c4e61,data/subsets/round3e_bert/joint/random_frac0p333_draw01.jsonl,bert_base__random__frac0p333__draw01__seed13__same_epochs,random,results/round3e_bert_base/metrics/raw/bert_base__random__frac0p333__draw01__seed13__same_epochs__squad_dev.json,23.271382115840808,22.464043880815964,14.960425764678305,14.113912155433518
joint,results/round3e_bert_base/configs/bert_base__random__frac0p333__draw01__seed21__same_epochs.yaml,2026-05-23T02:22:52Z,sha256:fe4b4d10a7d1a5afed58183078a4fe10820af5537d4e28a82cab990673fb0d6c,data/qa/addonesent.jsonl,run.py/custom_squad_postprocess,addonesent,62.39507554560716,69.9862904262341,,bert-base-uncased,bert_base,1787,3.0,results/round3e_bert_base/predictions/bert_base__random__frac0p333__draw01__seed21__same_epochs__addonesent.jsonl,bert_base__random__frac0p333__draw01__seed21__same_epochs__addonesent,21,1.0,0.333,29170,same_epochs,sha256:6375feec2e7b0bbdf4e6bfaac6604056636170f522f59be6e8b9e67e863c4e61,data/subsets/round3e_bert/joint/random_frac0p333_draw01.jsonl,bert_base__random__frac0p333__draw01__seed21__same_epochs,random,results/round3e_bert_base/metrics/raw/bert_base__random__frac0p333__draw01__seed21__same_epochs__addonesent.json,23.392023546087195,22.194652025554618,15.346832302117235,14.322048390059813
joint,results/round3e_bert_base/configs/bert_base__random__frac0p333__draw01__seed21__same_epochs.yaml,2026-05-23T02:21:54Z,sha256:698ce6f7c1779b1b83d253f1c1b3fc2058f278ec4e656dae445dc5c7a7de98df,data/qa/addsent.jsonl,run.py/custom_squad_postprocess,addsent,54.52247191011236,61.941099182264146,,bert-base-uncased,bert_base,3560,3.0,results/round3e_bert_base/predictions/bert_base__random__frac0p333__draw01__seed21__same_epochs__addsent.jsonl,bert_base__random__frac0p333__draw01__seed21__same_epochs__addsent,21,1.0,0.333,29170,same_epochs,sha256:6375feec2e7b0bbdf4e6bfaac6604056636170f522f59be6e8b9e67e863c4e61,data/subsets/round3e_bert/joint/random_frac0p333_draw01.jsonl,bert_base__random__frac0p333__draw01__seed21__same_epochs,random,results/round3e_bert_base/metrics/raw/bert_base__random__frac0p333__draw01__seed21__same_epochs__addsent.json,23.392023546087195,22.194652025554618,15.346832302117235,14.322048390059813
joint,results/round3e_bert_base/configs/bert_base__random__frac0p333__draw01__seed21__same_epochs.yaml,2026-05-23T02:20:52Z,sha256:940197b8001a1309109a52f2d51d1b3eb25d1db49950b24705dc8641f1c19502,data/qa/squad_dev.jsonl,run.py/custom_squad_postprocess,squad_dev,76.71712393566698,85.33312272835134,,bert-base-uncased,bert_base,10570,3.0,results/round3e_bert_base/predictions/bert_base__random__frac0p333__draw01__seed21__same_epochs__squad_dev.jsonl,bert_base__random__frac0p333__draw01__seed21__same_epochs__squad_dev,21,1.0,0.333,29170,same_epochs,sha256:6375feec2e7b0bbdf4e6bfaac6604056636170f522f59be6e8b9e67e863c4e61,data/subsets/round3e_bert/joint/random_frac0p333_draw01.jsonl,bert_base__random__frac0p333__draw01__seed21__same_epochs,random,results/round3e_bert_base/metrics/raw/bert_base__random__frac0p333__draw01__seed21__same_epochs__squad_dev.json,23.392023546087195,22.194652025554618,15.346832302117235,14.322048390059813
joint,results/round3e_bert_base/configs/bert_base__random__frac0p333__draw01__seed42__same_epochs.yaml,2026-05-23T02:32:23Z,sha256:fe4b4d10a7d1a5afed58183078a4fe10820af5537d4e28a82cab990673fb0d6c,data/qa/addonesent.jsonl,run.py/custom_squad_postprocess,addonesent,60.21264689423615,68.27246460105924,,bert-base-uncased,bert_base,1787,3.0,results/round3e_bert_base/predictions/bert_base__random__frac0p333__draw01__seed42__same_epochs__addonesent.jsonl,bert_base__random__frac0p333__draw01__seed42__same_epochs__addonesent,42,1.0,0.333,29170,same_epochs,sha256:6375feec2e7b0bbdf4e6bfaac6604056636170f522f59be6e8b9e67e863c4e61,data/subsets/round3e_bert/joint/random_frac0p333_draw01.jsonl,bert_base__random__frac0p333__draw01__seed42__same_epochs,random,results/round3e_bert_base/metrics/raw/bert_base__random__frac0p333__draw01__seed42__same_epochs__addonesent.json,25.87654690302241,24.890988912865538,17.124358380016105,16.476094827618148
joint,results/round3e_bert_base/configs/bert_base__random__frac0p333__draw01__seed42__same_epochs.yaml,2026-05-23T02:31:24Z,sha256:698ce6f7c1779b1b83d253f1c1b3fc2058f278ec4e656dae445dc5c7a7de98df,data/qa/addsent.jsonl,run.py/custom_squad_postprocess,addsent,51.79775280898876,59.52027607805294,,bert-base-uncased,bert_base,3560,3.0,results/round3e_bert_base/predictions/bert_base__random__frac0p333__draw01__seed42__same_epochs__addsent.jsonl,bert_base__random__frac0p333__draw01__seed42__same_epochs__addsent,42,1.0,0.333,29170,same_epochs,sha256:6375feec2e7b0bbdf4e6bfaac6604056636170f522f59be6e8b9e67e863c4e61,data/subsets/round3e_bert/joint/random_frac0p333_draw01.jsonl,bert_base__random__frac0p333__draw01__seed42__same_epochs,random,results/round3e_bert_base/metrics/raw/bert_base__random__frac0p333__draw01__seed42__same_epochs__addsent.json,25.87654690302241,24.890988912865538,17.124358380016105,16.476094827618148
joint,results/round3e_bert_base/configs/bert_base__random__frac0p333__draw01__seed42__same_epochs.yaml,2026-05-23T02:30:21Z,sha256:940197b8001a1309109a52f2d51d1b3eb25d1db49950b24705dc8641f1c19502,data/qa/squad_dev.jsonl,run.py/custom_squad_postprocess,squad_dev,76.6887417218543,85.39682298107535,,bert-base-uncased,bert_base,10570,3.0,results/round3e_bert_base/predictions/bert_base__random__frac0p333__draw01__seed42__same_epochs__squad_dev.jsonl,bert_base__random__frac0p333__draw01__seed42__same_epochs__squad_dev,42,1.0,0.333,29170,same_epochs,sha256:6375feec2e7b0bbdf4e6bfaac6604056636170f522f59be6e8b9e67e863c4e61,data/subsets/round3e_bert/joint/random_frac0p333_draw01.jsonl,bert_base__random__frac0p333__draw01__seed42__same_epochs,random,results/round3e_bert_base/metrics/raw/bert_base__random__frac0p333__draw01__seed42__same_epochs__squad_dev.json,25.87654690302241,24.890988912865538,17.124358380016105,16.476094827618148
joint,results/round3e_bert_base/configs/bert_base__random__frac0p333__draw02__seed13__same_epochs.yaml,2026-05-23T02:41:54Z,sha256:fe4b4d10a7d1a5afed58183078a4fe10820af5537d4e28a82cab990673fb0d6c,data/qa/addonesent.jsonl,run.py/custom_squad_postprocess,addonesent,63.01063234471181,70.27767507813168,,bert-base-uncased,bert_base,1787,3.0,results/round3e_bert_base/predictions/bert_base__random__frac0p333__draw02__seed13__same_epochs__addonesent.jsonl,bert_base__random__frac0p333__draw02__seed13__same_epochs__addonesent,13,2.0,0.333,29170,same_epochs,sha256:415d9eae3e37c64f1b1c272932093bb6725aade9ad3e45ef12b818a990c19b92,data/subsets/round3e_bert/joint/random_frac0p333_draw02.jsonl,bert_base__random__frac0p333__draw02__seed13__same_epochs,random,results/round3e_bert_base/metrics/raw/bert_base__random__frac0p333__draw02__seed13__same_epochs__addonesent.json,22.432843082222945,20.67995067660221,14.510478041445097,13.006396983575797
joint,results/round3e_bert_base/configs/bert_base__random__frac0p333__draw02__seed13__same_epochs.yaml,2026-05-23T02:40:53Z,sha256:698ce6f7c1779b1b83d253f1c1b3fc2058f278ec4e656dae445dc5c7a7de98df,data/qa/addsent.jsonl,run.py/custom_squad_postprocess,addsent,55.337078651685395,62.35531003735383,,bert-base-uncased,bert_base,3560,3.0,results/round3e_bert_base/predictions/bert_base__random__frac0p333__draw02__seed13__same_epochs__addsent.jsonl,bert_base__random__frac0p333__draw02__seed13__same_epochs__addsent,13,2.0,0.333,29170,same_epochs,sha256:415d9eae3e37c64f1b1c272932093bb6725aade9ad3e45ef12b818a990c19b92,data/subsets/round3e_bert/joint/random_frac0p333_draw02.jsonl,bert_base__random__frac0p333__draw02__seed13__same_epochs,random,results/round3e_bert_base/metrics/raw/bert_base__random__frac0p333__draw02__seed13__same_epochs__addsent.json,22.432843082222945,20.67995067660221,14.510478041445097,13.006396983575797
joint,results/round3e_bert_base/configs/bert_base__random__frac0p333__draw02__seed13__same_epochs.yaml,2026-05-23T02:39:49Z,sha256:940197b8001a1309109a52f2d51d1b3eb25d1db49950b24705dc8641f1c19502,data/qa/squad_dev.jsonl,run.py/custom_squad_postprocess,squad_dev,76.0170293282876,84.78815311957678,,bert-base-uncased,bert_base,10570,3.0,results/round3e_bert_base/predictions/bert_base__random__frac0p333__draw02__seed13__same_epochs__squad_dev.jsonl,bert_base__random__frac0p333__draw02__seed13__same_epochs__squad_dev,13,2.0,0.333,29170,same_epochs,sha256:415d9eae3e37c64f1b1c272932093bb6725aade9ad3e45ef12b818a990c19b92,data/subsets/round3e_bert/joint/random_frac0p333_draw02.jsonl,bert_base__random__frac0p333__draw02__seed13__same_epochs,random,results/round3e_bert_base/metrics/raw/bert_base__random__frac0p333__draw02__seed13__same_epochs__squad_dev.json,22.432843082222945,20.67995067660221,14.510478041445097,13.006396983575797
joint,results/round3e_bert_base/configs/bert_base__random__frac0p333__draw02__seed21__same_epochs.yaml,2026-05-23T02:51:26Z,sha256:fe4b4d10a7d1a5afed58183078a4fe10820af5537d4e28a82cab990673fb0d6c,data/qa/addonesent.jsonl,run.py/custom_squad_postprocess,addonesent,62.39507554560716,70.01746489766542,,bert-base-uncased,bert_base,1787,3.0,results/round3e_bert_base/predictions/bert_base__random__frac0p333__draw02__seed21__same_epochs__addonesent.jsonl,bert_base__random__frac0p333__draw02__seed21__same_epochs__addonesent,21,2.0,0.333,29170,same_epochs,sha256:415d9eae3e37c64f1b1c272932093bb6725aade9ad3e45ef12b818a990c19b92,data/subsets/round3e_bert/joint/random_frac0p333_draw02.jsonl,bert_base__random__frac0p333__draw02__seed21__same_epochs,random,results/round3e_bert_base/metrics/raw/bert_base__random__frac0p333__draw02__seed21__same_epochs__addonesent.json,23.25342764181142,21.976178074474078,15.108504986755293,14.019304776057929
joint,results/round3e_bert_base/configs/bert_base__random__frac0p333__draw02__seed21__same_epochs.yaml,2026-05-23T02:50:25Z,sha256:698ce6f7c1779b1b83d253f1c1b3fc2058f278ec4e656dae445dc5c7a7de98df,data/qa/addsent.jsonl,run.py/custom_squad_postprocess,addsent,54.438202247191015,61.87254224260929,,bert-base-uncased,bert_base,3560,3.0,results/round3e_bert_base/predictions/bert_base__random__frac0p333__draw02__seed21__same_epochs__addsent.jsonl,bert_base__random__frac0p333__draw02__seed21__same_epochs__addsent,21,2.0,0.333,29170,same_epochs,sha256:415d9eae3e37c64f1b1c272932093bb6725aade9ad3e45ef12b818a990c19b92,data/subsets/round3e_bert/joint/random_frac0p333_draw02.jsonl,bert_base__random__frac0p333__draw02__seed21__same_epochs,random,results/round3e_bert_base/metrics/raw/bert_base__random__frac0p333__draw02__seed21__same_epochs__addsent.json,23.25342764181142,21.976178074474078,15.108504986755293,14.019304776057929
joint,results/round3e_bert_base/configs/bert_base__random__frac0p333__draw02__seed21__same_epochs.yaml,2026-05-23T02:49:18Z,sha256:940197b8001a1309109a52f2d51d1b3eb25d1db49950b24705dc8641f1c19502,data/qa/squad_dev.jsonl,run.py/custom_squad_postprocess,squad_dev,76.41438032166509,85.12596988442071,,bert-base-uncased,bert_base,10570,3.0,results/round3e_bert_base/predictions/bert_base__random__frac0p333__draw02__seed21__same_epochs__squad_dev.jsonl,bert_base__random__frac0p333__draw02__seed21__same_epochs__squad_dev,21,2.0,0.333,29170,same_epochs,sha256:415d9eae3e37c64f1b1c272932093bb6725aade9ad3e45ef12b818a990c19b92,data/subsets/round3e_bert/joint/random_frac0p333_draw02.jsonl,bert_base__random__frac0p333__draw02__seed21__same_epochs,random,results/round3e_bert_base/metrics/raw/bert_base__random__frac0p333__draw02__seed21__same_epochs__squad_dev.json,23.25342764181142,21.976178074474078,15.108504986755293,14.019304776057929
joint,results/round3e_bert_base/configs/bert_base__random__frac0p333__draw02__seed42__same_epochs.yaml,2026-05-23T03:00:57Z,sha256:fe4b4d10a7d1a5afed58183078a4fe10820af5537d4e28a82cab990673fb0d6c,data/qa/addonesent.jsonl,run.py/custom_squad_postprocess,addonesent,62.05931729155009,69.62192171470572,,bert-base-uncased,bert_base,1787,3.0,results/round3e_bert_base/predictions/bert_base__random__frac0p333__draw02__seed42__same_epochs__addonesent.jsonl,bert_base__random__frac0p333__draw02__seed42__same_epochs__addonesent,42,2.0,0.333,29170,same_epochs,sha256:415d9eae3e37c64f1b1c272932093bb6725aade9ad3e45ef12b818a990c19b92,data/subsets/round3e_bert/joint/random_frac0p333_draw02.jsonl,bert_base__random__frac0p333__draw02__seed42__same_epochs,random,results/round3e_bert_base/metrics/raw/bert_base__random__frac0p333__draw02__seed42__same_epochs__addonesent.json,24.475091321964122,22.883638238389338,15.554419237611398,14.279377126614534
joint,results/round3e_bert_base/configs/bert_base__random__frac0p333__draw02__seed42__same_epochs.yaml,2026-05-23T02:59:59Z,sha256:698ce6f7c1779b1b83d253f1c1b3fc2058f278ec4e656dae445dc5c7a7de98df,data/qa/addsent.jsonl,run.py/custom_squad_postprocess,addsent,53.45505617977528,60.701249630353,,bert-base-uncased,bert_base,3560,3.0,results/round3e_bert_base/predictions/bert_base__random__frac0p333__draw02__seed42__same_epochs__addsent.jsonl,bert_base__random__frac0p333__draw02__seed42__same_epochs__addsent,42,2.0,0.333,29170,same_epochs,sha256:415d9eae3e37c64f1b1c272932093bb6725aade9ad3e45ef12b818a990c19b92,data/subsets/round3e_bert/joint/random_frac0p333_draw02.jsonl,bert_base__random__frac0p333__draw02__seed42__same_epochs,random,results/round3e_bert_base/metrics/raw/bert_base__random__frac0p333__draw02__seed42__same_epochs__addsent.json,24.475091321964122,22.883638238389338,15.554419237611398,14.279377126614534
joint,results/round3e_bert_base/configs/bert_base__random__frac0p333__draw02__seed42__same_epochs.yaml,2026-05-23T02:58:55Z,sha256:940197b8001a1309109a52f2d51d1b3eb25d1db49950b24705dc8641f1c19502,data/qa/squad_dev.jsonl,run.py/custom_squad_postprocess,squad_dev,76.33869441816462,85.17634095231712,,bert-base-uncased,bert_base,10570,3.0,results/round3e_bert_base/predictions/bert_base__random__frac0p333__draw02__seed42__same_epochs__squad_dev.jsonl,bert_base__random__frac0p333__draw02__seed42__same_epochs__squad_dev,42,2.0,0.333,29170,same_epochs,sha256:415d9eae3e37c64f1b1c272932093bb6725aade9ad3e45ef12b818a990c19b92,data/subsets/round3e_bert/joint/random_frac0p333_draw02.jsonl,bert_base__random__frac0p333__draw02__seed42__same_epochs,random,results/round3e_bert_base/metrics/raw/bert_base__random__frac0p333__draw02__seed42__same_epochs__squad_dev.json,24.475091321964122,22.883638238389338,15.554419237611398,14.279377126614534
joint,results/round3e_bert_base/configs/bert_base__random__frac0p333__draw03__seed13__same_epochs.yaml,2026-05-23T03:10:27Z,sha256:fe4b4d10a7d1a5afed58183078a4fe10820af5537d4e28a82cab990673fb0d6c,data/qa/addonesent.jsonl,run.py/custom_squad_postprocess,addonesent,62.45103525461668,69.53920785714517,,bert-base-uncased,bert_base,1787,3.0,results/round3e_bert_base/predictions/bert_base__random__frac0p333__draw03__seed13__same_epochs__addonesent.jsonl,bert_base__random__frac0p333__draw03__seed13__same_epochs__addonesent,13,3.0,0.333,29170,same_epochs,sha256:c64657665aaceae6a1e7c1b9351ba5144da6b59b8b425320c146c8532788268f,data/subsets/round3e_bert/joint/random_frac0p333_draw03.jsonl,bert_base__random__frac0p333__draw03__seed13__same_epochs,random,results/round3e_bert_base/metrics/raw/bert_base__random__frac0p333__draw03__seed13__same_epochs__addonesent.json,24.30525543362166,22.659796115782427,15.44889912315729,13.972805804985974
joint,results/round3e_bert_base/configs/bert_base__random__frac0p333__draw03__seed13__same_epochs.yaml,2026-05-23T03:09:28Z,sha256:698ce6f7c1779b1b83d253f1c1b3fc2058f278ec4e656dae445dc5c7a7de98df,data/qa/addsent.jsonl,run.py/custom_squad_postprocess,addsent,53.764044943820224,60.6828515466808,,bert-base-uncased,bert_base,3560,3.0,results/round3e_bert_base/predictions/bert_base__random__frac0p333__draw03__seed13__same_epochs__addsent.jsonl,bert_base__random__frac0p333__draw03__seed13__same_epochs__addsent,13,3.0,0.333,29170,same_epochs,sha256:c64657665aaceae6a1e7c1b9351ba5144da6b59b8b425320c146c8532788268f,data/subsets/round3e_bert/joint/random_frac0p333_draw03.jsonl,bert_base__random__frac0p333__draw03__seed13__same_epochs,random,results/round3e_bert_base/metrics/raw/bert_base__random__frac0p333__draw03__seed13__same_epochs__addsent.json,24.30525543362166,22.659796115782427,15.44889912315729,13.972805804985974
joint,results/round3e_bert_base/configs/bert_base__random__frac0p333__draw03__seed13__same_epochs.yaml,2026-05-23T03:08:25Z,sha256:940197b8001a1309109a52f2d51d1b3eb25d1db49950b24705dc8641f1c19502,data/qa/squad_dev.jsonl,run.py/custom_squad_postprocess,squad_dev,76.42384105960265,84.98810698030246,,bert-base-uncased,bert_base,10570,3.0,results/round3e_bert_base/predictions/bert_base__random__frac0p333__draw03__seed13__same_epochs__squad_dev.jsonl,bert_base__random__frac0p333__draw03__seed13__same_epochs__squad_dev,13,3.0,0.333,29170,same_epochs,sha256:c64657665aaceae6a1e7c1b9351ba5144da6b59b8b425320c146c8532788268f,data/subsets/round3e_bert/joint/random_frac0p333_draw03.jsonl,bert_base__random__frac0p333__draw03__seed13__same_epochs,random,results/round3e_bert_base/metrics/raw/bert_base__random__frac0p333__draw03__seed13__same_epochs__squad_dev.json,24.30525543362166,22.659796115782427,15.44889912315729,13.972805804985974
joint,results/round3e_bert_base/configs/bert_base__random__frac0p333__draw03__seed21__same_epochs.yaml,2026-05-23T03:19:54Z,sha256:fe4b4d10a7d1a5afed58183078a4fe10820af5537d4e28a82cab990673fb0d6c,data/qa/addonesent.jsonl,run.py/custom_squad_postprocess,addonesent,61.55567991046446,69.5594994922815,,bert-base-uncased,bert_base,1787,3.0,results/round3e_bert_base/predictions/bert_base__random__frac0p333__draw03__seed21__same_epochs__addonesent.jsonl,bert_base__random__frac0p333__draw03__seed21__same_epochs__addonesent,21,3.0,0.333,29170,same_epochs,sha256:c64657665aaceae6a1e7c1b9351ba5144da6b59b8b425320c146c8532788268f,data/subsets/round3e_bert/joint/random_frac0p333_draw03.jsonl,bert_base__random__frac0p333__draw03__seed21__same_epochs,random,results/round3e_bert_base/metrics/raw/bert_base__random__frac0p333__draw03__seed21__same_epochs__addonesent.json,24.25186282142124,23.42739149383989,15.603280151625896,14.849239673263071
joint,results/round3e_bert_base/configs/bert_base__random__frac0p333__draw03__seed21__same_epochs.yaml,2026-05-23T03:18:53Z,sha256:698ce6f7c1779b1b83d253f1c1b3fc2058f278ec4e656dae445dc5c7a7de98df,data/qa/addsent.jsonl,run.py/custom_squad_postprocess,addsent,52.97752808988764,60.91091682248616,,bert-base-uncased,bert_base,3560,3.0,results/round3e_bert_base/predictions/bert_base__random__frac0p333__draw03__seed21__same_epochs__addsent.jsonl,bert_base__random__frac0p333__draw03__seed21__same_epochs__addsent,21,3.0,0.333,29170,same_epochs,sha256:c64657665aaceae6a1e7c1b9351ba5144da6b59b8b425320c146c8532788268f,data/subsets/round3e_bert/joint/random_frac0p333_draw03.jsonl,bert_base__random__frac0p333__draw03__seed21__same_epochs,random,results/round3e_bert_base/metrics/raw/bert_base__random__frac0p333__draw03__seed21__same_epochs__addsent.json,24.25186282142124,23.42739149383989,15.603280151625896,14.849239673263071
joint,results/round3e_bert_base/configs/bert_base__random__frac0p333__draw03__seed21__same_epochs.yaml,2026-05-23T03:17:49Z,sha256:940197b8001a1309109a52f2d51d1b3eb25d1db49950b24705dc8641f1c19502,data/qa/squad_dev.jsonl,run.py/custom_squad_postprocess,squad_dev,76.40491958372753,85.1627796439074,,bert-base-uncased,bert_base,10570,3.0,results/round3e_bert_base/predictions/bert_base__random__frac0p333__draw03__seed21__same_epochs__squad_dev.jsonl,bert_base__random__frac0p333__draw03__seed21__same_epochs__squad_dev,21,3.0,0.333,29170,same_epochs,sha256:c64657665aaceae6a1e7c1b9351ba5144da6b59b8b425320c146c8532788268f,data/subsets/round3e_bert/joint/random_frac0p333_draw03.jsonl,bert_base__random__frac0p333__draw03__seed21__same_epochs,random,results/round3e_bert_base/metrics/raw/bert_base__random__frac0p333__draw03__seed21__same_epochs__squad_dev.json,24.25186282142124,23.42739149383989,15.603280151625896,14.849239673263071
joint,results/round3e_bert_base/configs/bert_base__random__frac0p333__draw03__seed42__same_epochs.yaml,2026-05-23T03:29:24Z,sha256:fe4b4d10a7d1a5afed58183078a4fe10820af5537d4e28a82cab990673fb0d6c,data/qa/addonesent.jsonl,run.py/custom_squad_postprocess,addonesent,61.66759932848349,69.11186258762993,,bert-base-uncased,bert_base,1787,3.0,results/round3e_bert_base/predictions/bert_base__random__frac0p333__draw03__seed42__same_epochs__addonesent.jsonl,bert_base__random__frac0p333__draw03__seed42__same_epochs__addonesent,42,3.0,0.333,29170,same_epochs,sha256:c64657665aaceae6a1e7c1b9351ba5144da6b59b8b425320c146c8532788268f,data/subsets/round3e_bert/joint/random_frac0p333_draw03.jsonl,bert_base__random__frac0p333__draw03__seed42__same_epochs,random,results/round3e_bert_base/metrics/raw/bert_base__random__frac0p333__draw03__seed42__same_epochs__addonesent.json,25.26646070686993,23.7943139901991,16.151092854163508,14.907613538120103
joint,results/round3e_bert_base/configs/bert_base__random__frac0p333__draw03__seed42__same_epochs.yaml,2026-05-23T03:28:25Z,sha256:698ce6f7c1779b1b83d253f1c1b3fc2058f278ec4e656dae445dc5c7a7de98df,data/qa/addsent.jsonl,run.py/custom_squad_postprocess,addsent,52.78089887640449,59.99649473492351,,bert-base-uncased,bert_base,3560,3.0,results/round3e_bert_base/predictions/bert_base__random__frac0p333__draw03__seed42__same_epochs__addsent.jsonl,bert_base__random__frac0p333__draw03__seed42__same_epochs__addsent,42,3.0,0.333,29170,same_epochs,sha256:c64657665aaceae6a1e7c1b9351ba5144da6b59b8b425320c146c8532788268f,data/subsets/round3e_bert/joint/random_frac0p333_draw03.jsonl,bert_base__random__frac0p333__draw03__seed42__same_epochs,random,results/round3e_bert_base/metrics/raw/bert_base__random__frac0p333__draw03__seed42__same_epochs__addsent.json,25.26646070686993,23.7943139901991,16.151092854163508,14.907613538120103
joint,results/round3e_bert_base/configs/bert_base__random__frac0p333__draw03__seed42__same_epochs.yaml,2026-05-23T03:27:18Z,sha256:940197b8001a1309109a52f2d51d1b3eb25d1db49950b24705dc8641f1c19502,data/qa/squad_dev.jsonl,run.py/custom_squad_postprocess,squad_dev,76.5752128666036,85.26295544179344,,bert-base-uncased,bert_base,10570,3.0,results/round3e_bert_base/predictions/bert_base__random__frac0p333__draw03__seed42__same_epochs__squad_dev.jsonl,bert_base__random__frac0p333__draw03__seed42__same_epochs__squad_dev,42,3.0,0.333,29170,same_epochs,sha256:c64657665aaceae6a1e7c1b9351ba5144da6b59b8b425320c146c8532788268f,data/subsets/round3e_bert/joint/random_frac0p333_draw03.jsonl,bert_base__random__frac0p333__draw03__seed42__same_epochs,random,results/round3e_bert_base/metrics/raw/bert_base__random__frac0p333__draw03__seed42__same_epochs__squad_dev.json,25.26646070686993,23.7943139901991,16.151092854163508,14.907613538120103
joint,results/round3e_bert_base/configs/bert_base__random__frac0p333__draw04__seed13__same_epochs.yaml,2026-05-23T03:39:01Z,sha256:fe4b4d10a7d1a5afed58183078a4fe10820af5537d4e28a82cab990673fb0d6c,data/qa/addonesent.jsonl,run.py/custom_squad_postprocess,addonesent,61.16396194739787,69.23115595359955,,bert-base-uncased,bert_base,1787,3.0,results/round3e_bert_base/predictions/bert_base__random__frac0p333__draw04__seed13__same_epochs__addonesent.jsonl,bert_base__random__frac0p333__draw04__seed13__same_epochs__addonesent,13,4.0,0.333,29170,same_epochs,sha256:f77fa1ab76eec9e0a9e5cfa9e54b56b148e376a0de7b6be50a35b198787c96d8,data/subsets/round3e_bert/joint/random_frac0p333_draw04.jsonl,bert_base__random__frac0p333__draw04__seed13__same_epochs,random,results/round3e_bert_base/metrics/raw/bert_base__random__frac0p333__draw04__seed13__same_epochs__addonesent.json,24.068188029075955,23.24880677771518,15.679892009500477,15.174732470766749
joint,results/round3e_bert_base/configs/bert_base__random__frac0p333__draw04__seed13__same_epochs.yaml,2026-05-23T03:38:02Z,sha256:698ce6f7c1779b1b83d253f1c1b3fc2058f278ec4e656dae445dc5c7a7de98df,data/qa/addsent.jsonl,run.py/custom_squad_postprocess,addsent,53.08988764044944,60.84285993402408,,bert-base-uncased,bert_base,3560,3.0,results/round3e_bert_base/predictions/bert_base__random__frac0p333__draw04__seed13__same_epochs__addsent.jsonl,bert_base__random__frac0p333__draw04__seed13__same_epochs__addsent,13,4.0,0.333,29170,same_epochs,sha256:f77fa1ab76eec9e0a9e5cfa9e54b56b148e376a0de7b6be50a35b198787c96d8,data/subsets/round3e_bert/joint/random_frac0p333_draw04.jsonl,bert_base__random__frac0p333__draw04__seed13__same_epochs,random,results/round3e_bert_base/metrics/raw/bert_base__random__frac0p333__draw04__seed13__same_epochs__addsent.json,24.068188029075955,23.24880677771518,15.679892009500477,15.174732470766749
joint,results/round3e_bert_base/configs/bert_base__random__frac0p333__draw04__seed13__same_epochs.yaml,2026-05-23T03:36:57Z,sha256:940197b8001a1309109a52f2d51d1b3eb25d1db49950b24705dc8641f1c19502,data/qa/squad_dev.jsonl,run.py/custom_squad_postprocess,squad_dev,76.33869441816462,84.91104796310003,,bert-base-uncased,bert_base,10570,3.0,results/round3e_bert_base/predictions/bert_base__random__frac0p333__draw04__seed13__same_epochs__squad_dev.jsonl,bert_base__random__frac0p333__draw04__seed13__same_epochs__squad_dev,13,4.0,0.333,29170,same_epochs,sha256:f77fa1ab76eec9e0a9e5cfa9e54b56b148e376a0de7b6be50a35b198787c96d8,data/subsets/round3e_bert/joint/random_frac0p333_draw04.jsonl,bert_base__random__frac0p333__draw04__seed13__same_epochs,random,results/round3e_bert_base/metrics/raw/bert_base__random__frac0p333__draw04__seed13__same_epochs__squad_dev.json,24.068188029075955,23.24880677771518,15.679892009500477,15.174732470766749
joint,results/round3e_bert_base/configs/bert_base__random__frac0p333__draw04__seed21__same_epochs.yaml,2026-05-23T03:48:22Z,sha256:fe4b4d10a7d1a5afed58183078a4fe10820af5537d4e28a82cab990673fb0d6c,data/qa/addonesent.jsonl,run.py/custom_squad_postprocess,addonesent,62.674874090654725,69.89878519504715,,bert-base-uncased,bert_base,1787,3.0,results/round3e_bert_base/predictions/bert_base__random__frac0p333__draw04__seed21__same_epochs__addonesent.jsonl,bert_base__random__frac0p333__draw04__seed21__same_epochs__addonesent,21,4.0,0.333,29170,same_epochs,sha256:f77fa1ab76eec9e0a9e5cfa9e54b56b148e376a0de7b6be50a35b198787c96d8,data/subsets/round3e_bert/joint/random_frac0p333_draw04.jsonl,bert_base__random__frac0p333__draw04__seed21__same_epochs,random,results/round3e_bert_base/metrics/raw/bert_base__random__frac0p333__draw04__seed21__same_epochs__addonesent.json,23.967989761955458,22.27892168847596,15.47894288972789,14.04224984501225
joint,results/round3e_bert_base/configs/bert_base__random__frac0p333__draw04__seed21__same_epochs.yaml,2026-05-23T03:47:25Z,sha256:698ce6f7c1779b1b83d253f1c1b3fc2058f278ec4e656dae445dc5c7a7de98df,data/qa/addsent.jsonl,run.py/custom_squad_postprocess,addsent,54.438202247191015,61.409738322819585,,bert-base-uncased,bert_base,3560,3.0,results/round3e_bert_base/predictions/bert_base__random__frac0p333__draw04__seed21__same_epochs__addsent.jsonl,bert_base__random__frac0p333__draw04__seed21__same_epochs__addsent,21,4.0,0.333,29170,same_epochs,sha256:f77fa1ab76eec9e0a9e5cfa9e54b56b148e376a0de7b6be50a35b198787c96d8,data/subsets/round3e_bert/joint/random_frac0p333_draw04.jsonl,bert_base__random__frac0p333__draw04__seed21__same_epochs,random,results/round3e_bert_base/metrics/raw/bert_base__random__frac0p333__draw04__seed21__same_epochs__addsent.json,23.967989761955458,22.27892168847596,15.47894288972789,14.04224984501225
joint,results/round3e_bert_base/configs/bert_base__random__frac0p333__draw04__seed21__same_epochs.yaml,2026-05-23T03:46:23Z,sha256:940197b8001a1309109a52f2d51d1b3eb25d1db49950b24705dc8641f1c19502,data/qa/squad_dev.jsonl,run.py/custom_squad_postprocess,squad_dev,76.71712393566698,85.37772808477504,,bert-base-uncased,bert_base,10570,3.0,results/round3e_bert_base/predictions/bert_base__random__frac0p333__draw04__seed21__same_epochs__squad_dev.jsonl,bert_base__random__frac0p333__draw04__seed21__same_epochs__squad_dev,21,4.0,0.333,29170,same_epochs,sha256:f77fa1ab76eec9e0a9e5cfa9e54b56b148e376a0de7b6be50a35b198787c96d8,data/subsets/round3e_bert/joint/random_frac0p333_draw04.jsonl,bert_base__random__frac0p333__draw04__seed21__same_epochs,random,results/round3e_bert_base/metrics/raw/bert_base__random__frac0p333__draw04__seed21__same_epochs__squad_dev.json,23.967989761955458,22.27892168847596,15.47894288972789,14.04224984501225
joint,results/round3e_bert_base/configs/bert_base__random__frac0p333__draw04__seed42__same_epochs.yaml,2026-05-23T03:57:44Z,sha256:fe4b4d10a7d1a5afed58183078a4fe10820af5537d4e28a82cab990673fb0d6c,data/qa/addonesent.jsonl,run.py/custom_squad_postprocess,addonesent,62.00335758254057,69.539528788168,,bert-base-uncased,bert_base,1787,3.0,results/round3e_bert_base/predictions/bert_base__random__frac0p333__draw04__seed42__same_epochs__addonesent.jsonl,bert_base__random__frac0p333__draw04__seed42__same_epochs__addonesent,42,4.0,0.333,29170,same_epochs,sha256:f77fa1ab76eec9e0a9e5cfa9e54b56b148e376a0de7b6be50a35b198787c96d8,data/subsets/round3e_bert/joint/random_frac0p333_draw04.jsonl,bert_base__random__frac0p333__draw04__seed42__same_epochs,random,results/round3e_bert_base/metrics/raw/bert_base__random__frac0p333__draw04__seed42__same_epochs__addonesent.json,24.014154544255753,22.67374804672967,15.305314689858278,13.95690731812168
joint,results/round3e_bert_base/configs/bert_base__random__frac0p333__draw04__seed42__same_epochs.yaml,2026-05-23T03:56:46Z,sha256:698ce6f7c1779b1b83d253f1c1b3fc2058f278ec4e656dae445dc5c7a7de98df,data/qa/addsent.jsonl,run.py/custom_squad_postprocess,addsent,53.28651685393258,60.830688933770524,,bert-base-uncased,bert_base,3560,3.0,results/round3e_bert_base/predictions/bert_base__random__frac0p333__draw04__seed42__same_epochs__addsent.jsonl,bert_base__random__frac0p333__draw04__seed42__same_epochs__addsent,42,4.0,0.333,29170,same_epochs,sha256:f77fa1ab76eec9e0a9e5cfa9e54b56b148e376a0de7b6be50a35b198787c96d8,data/subsets/round3e_bert/joint/random_frac0p333_draw04.jsonl,bert_base__random__frac0p333__draw04__seed42__same_epochs,random,results/round3e_bert_base/metrics/raw/bert_base__random__frac0p333__draw04__seed42__same_epochs__addsent.json,24.014154544255753,22.67374804672967,15.305314689858278,13.95690731812168
joint,results/round3e_bert_base/configs/bert_base__random__frac0p333__draw04__seed42__same_epochs.yaml,2026-05-23T03:55:40Z,sha256:940197b8001a1309109a52f2d51d1b3eb25d1db49950b24705dc8641f1c19502,data/qa/squad_dev.jsonl,run.py/custom_squad_postprocess,squad_dev,75.96026490066225,84.84484347802628,,bert-base-uncased,bert_base,10570,3.0,results/round3e_bert_base/predictions/bert_base__random__frac0p333__draw04__seed42__same_epochs__squad_dev.jsonl,bert_base__random__frac0p333__draw04__seed42__same_epochs__squad_dev,42,4.0,0.333,29170,same_epochs,sha256:f77fa1ab76eec9e0a9e5cfa9e54b56b148e376a0de7b6be50a35b198787c96d8,data/subsets/round3e_bert/joint/random_frac0p333_draw04.jsonl,bert_base__random__frac0p333__draw04__seed42__same_epochs,random,results/round3e_bert_base/metrics/raw/bert_base__random__frac0p333__draw04__seed42__same_epochs__squad_dev.json,24.014154544255753,22.67374804672967,15.305314689858278,13.95690731812168
joint,results/round3e_bert_base/configs/bert_base__random__frac0p333__draw05__seed13__same_epochs.yaml,2026-05-23T04:07:25Z,sha256:fe4b4d10a7d1a5afed58183078a4fe10820af5537d4e28a82cab990673fb0d6c,data/qa/addonesent.jsonl,run.py/custom_squad_postprocess,addonesent,61.611639619473976,69.34138211056468,,bert-base-uncased,bert_base,1787,3.0,results/round3e_bert_base/predictions/bert_base__random__frac0p333__draw05__seed13__same_epochs__addonesent.jsonl,bert_base__random__frac0p333__draw05__seed13__same_epochs__addonesent,13,5.0,0.333,29170,same_epochs,sha256:7081da1e9d3c9b47a6633ae449388878d1e594da9c2c28254db18e49dbb7fa39,data/subsets/round3e_bert/joint/random_frac0p333_draw05.jsonl,bert_base__random__frac0p333__draw05__seed13__same_epochs,random,results/round3e_bert_base/metrics/raw/bert_base__random__frac0p333__draw05__seed13__same_epochs__addonesent.json,24.40784846817308,22.838673158079366,15.958973522344678,14.906808819504263
joint,results/round3e_bert_base/configs/bert_base__random__frac0p333__draw05__seed13__same_epochs.yaml,2026-05-23T04:06:23Z,sha256:698ce6f7c1779b1b83d253f1c1b3fc2058f278ec4e656dae445dc5c7a7de98df,data/qa/addsent.jsonl,run.py/custom_squad_postprocess,addsent,53.67977528089887,60.89250716473628,,bert-base-uncased,bert_base,3560,3.0,results/round3e_bert_base/predictions/bert_base__random__frac0p333__draw05__seed13__same_epochs__addsent.jsonl,bert_base__random__frac0p333__draw05__seed13__same_epochs__addsent,13,5.0,0.333,29170,same_epochs,sha256:7081da1e9d3c9b47a6633ae449388878d1e594da9c2c28254db18e49dbb7fa39,data/subsets/round3e_bert/joint/random_frac0p333_draw05.jsonl,bert_base__random__frac0p333__draw05__seed13__same_epochs,random,results/round3e_bert_base/metrics/raw/bert_base__random__frac0p333__draw05__seed13__same_epochs__addsent.json,24.40784846817308,22.838673158079366,15.958973522344678,14.906808819504263
joint,results/round3e_bert_base/configs/bert_base__random__frac0p333__draw05__seed13__same_epochs.yaml,2026-05-23T04:05:15Z,sha256:940197b8001a1309109a52f2d51d1b3eb25d1db49950b24705dc8641f1c19502,data/qa/squad_dev.jsonl,run.py/custom_squad_postprocess,squad_dev,76.51844843897824,85.30035563290936,,bert-base-uncased,bert_base,10570,3.0,results/round3e_bert_base/predictions/bert_base__random__frac0p333__draw05__seed13__same_epochs__squad_dev.jsonl,bert_base__random__frac0p333__draw05__seed13__same_epochs__squad_dev,13,5.0,0.333,29170,same_epochs,sha256:7081da1e9d3c9b47a6633ae449388878d1e594da9c2c28254db18e49dbb7fa39,data/subsets/round3e_bert/joint/random_frac0p333_draw05.jsonl,bert_base__random__frac0p333__draw05__seed13__same_epochs,random,results/round3e_bert_base/metrics/raw/bert_base__random__frac0p333__draw05__seed13__same_epochs__squad_dev.json,24.40784846817308,22.838673158079366,15.958973522344678,14.906808819504263
joint,results/round3e_bert_base/configs/bert_base__random__frac0p333__draw05__seed21__same_epochs.yaml,2026-05-23T04:16:46Z,sha256:fe4b4d10a7d1a5afed58183078a4fe10820af5537d4e28a82cab990673fb0d6c,data/qa/addonesent.jsonl,run.py/custom_squad_postprocess,addonesent,60.660324566312255,68.85324762084434,,bert-base-uncased,bert_base,1787,3.0,results/round3e_bert_base/predictions/bert_base__random__frac0p333__draw05__seed21__same_epochs__addonesent.jsonl,bert_base__random__frac0p333__draw05__seed21__same_epochs__addonesent,21,5.0,0.333,29170,same_epochs,sha256:7081da1e9d3c9b47a6633ae449388878d1e594da9c2c28254db18e49dbb7fa39,data/subsets/round3e_bert/joint/random_frac0p333_draw05.jsonl,bert_base__random__frac0p333__draw05__seed21__same_epochs,random,results/round3e_bert_base/metrics/raw/bert_base__random__frac0p333__draw05__seed21__same_epochs__addonesent.json,25.230406327925593,24.219568845471066,16.09570107922174,15.385086975788028
joint,results/round3e_bert_base/configs/bert_base__random__frac0p333__draw05__seed21__same_epochs.yaml,2026-05-23T04:15:49Z,sha256:698ce6f7c1779b1b83d253f1c1b3fc2058f278ec4e656dae445dc5c7a7de98df,data/qa/addsent.jsonl,run.py/custom_squad_postprocess,addsent,51.825842696629216,59.71854237214049,,bert-base-uncased,bert_base,3560,3.0,results/round3e_bert_base/predictions/bert_base__random__frac0p333__draw05__seed21__same_epochs__addsent.jsonl,bert_base__random__frac0p333__draw05__seed21__same_epochs__addsent,21,5.0,0.333,29170,same_epochs,sha256:7081da1e9d3c9b47a6633ae449388878d1e594da9c2c28254db18e49dbb7fa39,data/subsets/round3e_bert/joint/random_frac0p333_draw05.jsonl,bert_base__random__frac0p333__draw05__seed21__same_epochs,random,results/round3e_bert_base/metrics/raw/bert_base__random__frac0p333__draw05__seed21__same_epochs__addsent.json,25.230406327925593,24.219568845471066,16.09570107922174,15.385086975788028
joint,results/round3e_bert_base/configs/bert_base__random__frac0p333__draw05__seed21__same_epochs.yaml,2026-05-23T04:14:46Z,sha256:940197b8001a1309109a52f2d51d1b3eb25d1db49950b24705dc8641f1c19502,data/qa/squad_dev.jsonl,run.py/custom_squad_postprocess,squad_dev,76.04541154210028,84.94894870006608,,bert-base-uncased,bert_base,10570,3.0,results/round3e_bert_base/predictions/bert_base__random__frac0p333__draw05__seed21__same_epochs__squad_dev.jsonl,bert_base__random__frac0p333__draw05__seed21__same_epochs__squad_dev,21,5.0,0.333,29170,same_epochs,sha256:7081da1e9d3c9b47a6633ae449388878d1e594da9c2c28254db18e49dbb7fa39,data/subsets/round3e_bert/joint/random_frac0p333_draw05.jsonl,bert_base__random__frac0p333__draw05__seed21__same_epochs,random,results/round3e_bert_base/metrics/raw/bert_base__random__frac0p333__draw05__seed21__same_epochs__squad_dev.json,25.230406327925593,24.219568845471066,16.09570107922174,15.385086975788028
