model,subset_fraction,subset_draw_id,seed,train_budget_type,confidence_definition,evalset,exact_match,f1
google/electra-small-discriminator,0.333,0.0,13,same_epochs,joint,addonesent,53.55344152210409,62.501131886382524
google/electra-small-discriminator,0.333,0.0,13,same_epochs,joint,addsent,43.53932584269663,51.52812330832491
google/electra-small-discriminator,0.333,0.0,13,same_epochs,joint,squad_dev,70.93661305581836,80.41623671237143
google/electra-small-discriminator,0.333,0.0,21,same_epochs,joint,addonesent,53.88919977616116,61.91934353662262
google/electra-small-discriminator,0.333,0.0,21,same_epochs,joint,addsent,43.93258426966292,51.43889830867279
google/electra-small-discriminator,0.333,0.0,21,same_epochs,joint,squad_dev,71.47587511825922,80.78437552391092
google/electra-small-discriminator,0.333,0.0,42,same_epochs,joint,addonesent,54.67263570229435,62.68016525687394
google/electra-small-discriminator,0.333,0.0,42,same_epochs,joint,addsent,44.747191011235955,52.05786852944845
google/electra-small-discriminator,0.333,0.0,42,same_epochs,joint,squad_dev,71.6650898770104,81.05077054749249
google/electra-small-discriminator,0.333,1.0,13,same_epochs,joint,addonesent,55.120313374370454,62.70664453522566
google/electra-small-discriminator,0.333,1.0,13,same_epochs,joint,addsent,44.943820224719104,52.238339270324005
google/electra-small-discriminator,0.333,1.0,13,same_epochs,joint,squad_dev,71.5515610217597,80.85591979634629
google/electra-small-discriminator,0.333,1.0,21,same_epochs,joint,addonesent,54.8964745383324,63.43774590368589
google/electra-small-discriminator,0.333,1.0,21,same_epochs,joint,addsent,44.943820224719104,52.819324001222405
google/electra-small-discriminator,0.333,1.0,21,same_epochs,joint,squad_dev,71.69347209082308,81.00788952555723
google/electra-small-discriminator,0.333,1.0,42,same_epochs,joint,addonesent,54.39283715724678,61.86800652363222
google/electra-small-discriminator,0.333,1.0,42,same_epochs,joint,addsent,44.325842696629216,51.42779129385898
google/electra-small-discriminator,0.333,1.0,42,same_epochs,joint,squad_dev,71.14474929044465,80.50376001097084
google/electra-small-discriminator,0.333,2.0,13,same_epochs,joint,addonesent,54.50475657526581,62.83867484572576
google/electra-small-discriminator,0.333,2.0,13,same_epochs,joint,addsent,44.97191011235955,52.656351293881364
google/electra-small-discriminator,0.333,2.0,13,same_epochs,joint,squad_dev,71.40964995269631,80.82697054571186
google/electra-small-discriminator,0.333,2.0,21,same_epochs,joint,addonesent,53.88919977616116,62.18239600911643
google/electra-small-discriminator,0.333,2.0,21,same_epochs,joint,addsent,44.01685393258427,51.63946103998199
google/electra-small-discriminator,0.333,2.0,21,same_epochs,joint,squad_dev,71.15421002838221,80.41737446367274
google/electra-small-discriminator,0.333,2.0,42,same_epochs,joint,addonesent,52.21040850587577,61.023359926424206
google/electra-small-discriminator,0.333,2.0,42,same_epochs,joint,addsent,42.52808988764045,50.50554768681805
google/electra-small-discriminator,0.333,2.0,42,same_epochs,joint,squad_dev,70.06622516556291,79.86382905205318
google/electra-small-discriminator,0.333,3.0,13,same_epochs,joint,addonesent,54.00111919418019,62.24194541298755
google/electra-small-discriminator,0.333,3.0,13,same_epochs,joint,addsent,44.241573033707866,51.67487600571772
google/electra-small-discriminator,0.333,3.0,13,same_epochs,joint,squad_dev,71.49479659413434,80.84449364238222
google/electra-small-discriminator,0.333,3.0,21,same_epochs,joint,addonesent,53.72132064913262,61.91656248544859
google/electra-small-discriminator,0.333,3.0,21,same_epochs,joint,addsent,43.98876404494382,51.61112403395203
google/electra-small-discriminator,0.333,3.0,21,same_epochs,joint,squad_dev,70.97445600756859,80.62017939546925
google/electra-small-discriminator,0.333,3.0,42,same_epochs,joint,addonesent,51.70677112479015,60.44629214370922
google/electra-small-discriminator,0.333,3.0,42,same_epochs,joint,addsent,41.62921348314607,49.535698735943086
google/electra-small-discriminator,0.333,3.0,42,same_epochs,joint,squad_dev,70.60548722800378,79.95375707706523
google/electra-small-discriminator,0.333,4.0,13,same_epochs,joint,addonesent,53.94515948517068,62.28375969930745
google/electra-small-discriminator,0.333,4.0,13,same_epochs,joint,addsent,43.96067415730337,51.589818196809055
google/electra-small-discriminator,0.333,4.0,13,same_epochs,joint,squad_dev,71.2488174077578,80.80566180726379
google/electra-small-discriminator,0.333,4.0,21,same_epochs,joint,addonesent,54.39283715724678,63.06740986469544
google/electra-small-discriminator,0.333,4.0,21,same_epochs,joint,addsent,44.662921348314605,52.59536571237717
google/electra-small-discriminator,0.333,4.0,21,same_epochs,joint,squad_dev,71.62724692526017,80.96825837565542
google/electra-small-discriminator,0.333,4.0,42,same_epochs,joint,addonesent,52.88192501398993,61.34845368125891
google/electra-small-discriminator,0.333,4.0,42,same_epochs,joint,addsent,43.00561797752809,50.62730389414225
google/electra-small-discriminator,0.333,4.0,42,same_epochs,joint,squad_dev,71.2961210974456,80.50237320223836
google/electra-small-discriminator,0.333,5.0,13,same_epochs,joint,addonesent,54.448796866256295,62.92143462167246
google/electra-small-discriminator,0.333,5.0,13,same_epochs,joint,addsent,44.241573033707866,52.27713183097926
google/electra-small-discriminator,0.333,5.0,13,same_epochs,joint,squad_dev,71.51371807000946,81.01283526061975
google/electra-small-discriminator,0.333,5.0,21,same_epochs,joint,addonesent,53.32960268606603,61.131953524404786
google/electra-small-discriminator,0.333,5.0,21,same_epochs,joint,addsent,43.342696629213485,50.57815659534156
google/electra-small-discriminator,0.333,5.0,21,same_epochs,joint,squad_dev,70.4635761589404,79.71634111559476
google/electra-small-discriminator,0.333,5.0,42,same_epochs,joint,addonesent,53.55344152210409,61.565483462201115
google/electra-small-discriminator,0.333,5.0,42,same_epochs,joint,addsent,43.90449438202247,51.12406092791522
google/electra-small-discriminator,0.333,5.0,42,same_epochs,joint,squad_dev,70.68117313150425,80.10143682620863
google/electra-small-discriminator,0.333,6.0,13,same_epochs,joint,addonesent,53.6094012311136,61.58202293593698
google/electra-small-discriminator,0.333,6.0,13,same_epochs,joint,addsent,44.07303370786517,51.29694583350026
google/electra-small-discriminator,0.333,6.0,13,same_epochs,joint,squad_dev,71.17313150425733,80.566874137916
google/electra-small-discriminator,0.333,6.0,21,same_epochs,joint,addonesent,52.993844432008956,61.10808839128005
google/electra-small-discriminator,0.333,6.0,21,same_epochs,joint,addsent,42.78089887640449,50.15180285397233
google/electra-small-discriminator,0.333,6.0,21,same_epochs,joint,squad_dev,70.2554399243141,79.79258431147717
google/electra-small-discriminator,0.333,6.0,42,same_epochs,joint,addonesent,54.22495803021824,62.841034520025985
google/electra-small-discriminator,0.333,6.0,42,same_epochs,joint,addsent,44.71910112359551,52.65022596390969
google/electra-small-discriminator,0.333,6.0,42,same_epochs,joint,squad_dev,71.52317880794702,80.94594933974747
google/electra-small-discriminator,0.333,7.0,13,same_epochs,joint,addonesent,51.482932288752096,59.71409221382925
google/electra-small-discriminator,0.333,7.0,13,same_epochs,joint,addsent,41.741573033707866,49.480645545955696
google/electra-small-discriminator,0.333,7.0,13,same_epochs,joint,squad_dev,70.88930936613056,80.21581326799803
google/electra-small-discriminator,0.333,7.0,21,same_epochs,joint,addonesent,54.11303861219922,62.4500611878447
google/electra-small-discriminator,0.333,7.0,21,same_epochs,joint,addsent,43.79213483146067,51.59729956064228
google/electra-small-discriminator,0.333,7.0,21,same_epochs,joint,squad_dev,71.0879848628193,80.49356631857788
google/electra-small-discriminator,0.333,7.0,42,same_epochs,joint,addonesent,53.10576385002798,61.497236810289024
google/electra-small-discriminator,0.333,7.0,42,same_epochs,joint,addsent,43.342696629213485,50.899953467001204
google/electra-small-discriminator,0.333,7.0,42,same_epochs,joint,squad_dev,70.89877010406812,80.51317555140615
google/electra-small-discriminator,0.333,8.0,13,same_epochs,joint,addonesent,53.04980414101847,61.60502701807602
google/electra-small-discriminator,0.333,8.0,13,same_epochs,joint,addsent,43.31460674157304,51.03908389505268
google/electra-small-discriminator,0.333,8.0,13,same_epochs,joint,squad_dev,70.98391674550615,80.56365380485981
google/electra-small-discriminator,0.333,8.0,21,same_epochs,joint,addonesent,51.594851706771124,60.06619923202797
google/electra-small-discriminator,0.333,8.0,21,same_epochs,joint,addsent,41.40449438202247,49.09417063113703
google/electra-small-discriminator,0.333,8.0,21,same_epochs,joint,squad_dev,70.28382213812678,79.7844661485016
google/electra-small-discriminator,0.333,8.0,42,same_epochs,joint,addonesent,52.37828763290431,61.58170315560604
google/electra-small-discriminator,0.333,8.0,42,same_epochs,joint,addsent,43.08988764044944,51.27717294040582
google/electra-small-discriminator,0.333,8.0,42,same_epochs,joint,squad_dev,70.50141911069063,80.18703046317371
google/electra-small-discriminator,0.333,9.0,13,same_epochs,joint,addonesent,54.33687744823727,61.855249320001
google/electra-small-discriminator,0.333,9.0,13,same_epochs,joint,addsent,44.07303370786517,51.083430644986095
google/electra-small-discriminator,0.333,9.0,13,same_epochs,joint,squad_dev,71.37180700094608,80.59553673465962
google/electra-small-discriminator,0.333,9.0,21,same_epochs,joint,addonesent,54.39283715724678,62.71529608039974
google/electra-small-discriminator,0.333,9.0,21,same_epochs,joint,addsent,44.550561797752806,52.26085950027503
google/electra-small-discriminator,0.333,9.0,21,same_epochs,joint,squad_dev,71.74077578051087,80.85268074258131
google/electra-small-discriminator,0.333,9.0,42,same_epochs,joint,addonesent,54.00111919418019,62.95016274078453
google/electra-small-discriminator,0.333,9.0,42,same_epochs,joint,addsent,44.12921348314607,51.95310126998192
google/electra-small-discriminator,0.333,9.0,42,same_epochs,joint,squad_dev,71.3434247871334,80.86696226898805
